{"train/loss":3.8451,"train/grad_norm":1.1983975172042847,"_step":1,"train/global_step":12,"train_loss":3.803442676862081,"train/learning_rate":5e-05,"train/epoch":3,"train_runtime":7.4257,"_runtime":6,"_timestamp":1.7686839724810371e+09,"train_samples_per_second":20.2,"train_steps_per_second":1.616,"total_flos":2.45754445824e+13,"_wandb":{"runtime":6}}