{"train_loss":2.3015468657016753,"train_samples_per_second":18.437,"_step":32,"total_flos":8.1918148608e+14,"_wandb":{"runtime":270},"train/epoch":10,"_timestamp":1.768684907305815e+09,"train/loss":1.987,"train/grad_norm":1.8815957307815552,"train/global_step":320,"train_steps_per_second":1.18,"train/learning_rate":6.25e-07,"_runtime":270,"train_runtime":271.1879}