{"train/loss":2.9474,"train_runtime":31.4456,"train_loss":3.26306422551473,"train/learning_rate":3.7500000000000003e-05,"train/grad_norm":1.3247153759002686,"_runtime":30,"_step":4,"train/global_step":48,"_wandb":{"runtime":30},"total_flos":1.22877222912e+14,"train_steps_per_second":1.526,"_timestamp":1.768684547675522e+09,"train/epoch":3,"train_samples_per_second":23.851}