{
  "best_global_step": null,
  "best_metric": null,
  "best_model_checkpoint": null,
  "epoch": 3.0,
  "eval_steps": 500,
  "global_step": 48,
  "is_hyper_param_search": false,
  "is_local_process_zero": true,
  "is_world_process_zero": true,
  "log_history": [
    {
      "epoch": 0.6349206349206349,
      "grad_norm": 1.1700621843338013,
      "learning_rate": 0.00016250000000000002,
      "loss": 3.8573,
      "step": 10
    },
    {
      "epoch": 1.253968253968254,
      "grad_norm": 1.5326048135757446,
      "learning_rate": 0.00012083333333333333,
      "loss": 3.4648,
      "step": 20
    },
    {
      "epoch": 1.8888888888888888,
      "grad_norm": 1.5779523849487305,
      "learning_rate": 7.916666666666666e-05,
      "loss": 3.151,
      "step": 30
    },
    {
      "epoch": 2.507936507936508,
      "grad_norm": 1.3247153759002686,
      "learning_rate": 3.7500000000000003e-05,
      "loss": 2.9474,
      "step": 40
    }
  ],
  "logging_steps": 10,
  "max_steps": 48,
  "num_input_tokens_seen": 0,
  "num_train_epochs": 3,
  "save_steps": 500,
  "stateful_callbacks": {
    "TrainerControl": {
      "args": {
        "should_epoch_stop": false,
        "should_evaluate": false,
        "should_log": false,
        "should_save": true,
        "should_training_stop": true
      },
      "attributes": {}
    }
  },
  "total_flos": 122877222912000.0,
  "train_batch_size": 4,
  "trial_name": null,
  "trial_params": null
}
